Artifact,Part,Description,MoClo Part Type,Barcode,Dialout Forward Primer,Dialout Reverse Primer
pT7-UTR1-amajLime-tT7hyb6,amajLime,Measurement: AmajLime green chromoprotein under the T7 promoter.,SP-CDS,GGGTCCCACAGGGCGCATGATAGGGATAACAGGGTAATTCCCTCATGACAGAGCGTCC,AGCTATAAGAATTGCCGGGC,AAACACGTGGCAAACATTCC
pT7-UTR1-cjBlue-tT7hyb6,cjBlue,Measurement: CjBlue blue chromoprotein under the T7 promoter.,SP-CDS,GGTTCGCGTACTCTCACGCTTAGGGATAACAGGGTAATACACTGTGTAAAATAACTAG,AGGACACCAGACCAATGAAG,AAACACGTGGCAAACATTCC
pT7-UTR1-eforRed-tT7hyb6,eforRed,Measurement: EforRed red chromoprotein under the T7 promoter.,SP-CDS,TGGTCTAATGTTGGATACTATAGGGATAACAGGGTAATCCCCGGGGCCTTTAAGACGG,AGGGCTAATTACCATCAGCG,AAACACGTGGCAAACATTCC
pT7-UTR1-gfasPurple-tT7hyb6,gfasPurple,Measurement: GfasPurple purple chromoprotein under the T7 promoter.,SP-CDS,AGAGTGCCAGTTTTGTTCAATAGGGATAACAGGGTAATATTTAGACTACAGACTGCAA,AGCTCAATCTAACAGTGGGG,AAACACGTGGCAAACATTCC
pT7-UTR1-lacI-t7hyb6,lacI,Measurement: LacI-M repressor under control of the T7 promoter,SP-CDS,GCGGCCAGACGCAATAGCTCTAGGGATAACAGGGTAATCTACTTACTCGCAAAATAAC,ATACTGTAAGAACCACGCGG,AAACACGTGGCAAACATTCC
pT7-lacO-UTR1-cjBlue-tT7hyb6,cjBlue-lacO,Measurement: Leaky expression control consisting of cjBlue under control of the pT7-lacO promoter. Failure of repression by lacI will appear as chromoprotein expression.,SP-CDS,TTGGCACCCTGGCACCTACATAGGGATAACAGGGTAATATTCCTATAACGTTAATCAA,AGGTGATCTGACGAATGTCC,AAACACGTGGCAAACATTCC
pT7-lacO-UTR1-eforRed-tT7hyb6,eforRed-lacO,Measurement: Leaky expression control consisting of eforRed under control of the pT7-lacO promoter. Failure of repression by lacI will appear as chromoprotein expression.,SP-CDS,TCAGGACAGGCCGTTCGAGTTAGGGATAACAGGGTAATAGCTCTCAGGTCTAGCATGT,AGTAGTATCCGAATCGCTGC,AAACACGTGGCAAACATTCC
pT7-UTR1-meleRFP-tT7hyb6,meleRFP,Measurement: MeleRFP red fluorescent protein under the T7 promoter.,SP-CDS,GATGGGCGAGACGCACCGGTTAGGGATAACAGGGTAATCAAGGGTCGGCTGCCGATGG,AGCTATGATCCCGGTGTAAC,AAACACGTGGCAAACATTCC
pT7-UTR1-mmilCFP-tT7hyb6,mmilCFP,Measurement: MmilCFP blue fluorescent protein under the T7 promoter.,SP-CDS,GCATGAGCAGTTACATGTGGTAGGGATAACAGGGTAATGTTGGCGGATACCGCCGTAT,AGCATCCGTCTAAATCTCGG,AAACACGTGGCAAACATTCC
pT7-tetO-lacO-UTR1-plamGFP-t7hyb6,pT7-tetO-lacO,Measurement: PlamGFP green fluorescent protein dual-repressed by tetR and lacI.,P,ATAAGAGCTAGGGAACTTTCTAGGGATAACAGGGTAATAGCAAGAATGTTGAATCCAT,ATAGATGGTGCCTACATGCG,AAACACGTGGCAAACATTCC
pT7-lacO-tetO-UTR1-plamGFP-t7hyb6,pT7-lacO-tetO,Measurement: PlamGFP green fluorescent protein dual-repressed by tetR and lacI.,P,CGAGAGCAGACGCCGCAGCCTAGGGATAACAGGGTAATAGAATTGCGCCAAAGCCTTA,ATCACAACAAAGGACGGGTC,AAACACGTGGCAAACATTCC
pT7-UTR1-plamGFP-tT7hyb6,plamGFP-PURE,Measurement: PlamGFP green fluorescent protein optimized for cell-free expression in PURE.,SP-CDS,CGTTGCGTGCCGGACTTAGGTAGGGATAACAGGGTAATTTGGATAACCTGCTCACTTG,AGATTAGCTGCCGATACTGG,AAACACGTGGCAAACATTCC
pT7-UTR1-plamGFP-tT7hyb6,plamGFP-TXTL,Measurement: PlamGFP green fluorescent protein optimized for cell-free expression in TXTL.,SP-CDS,TCCTACTTTATACTAACTCCTAGGGATAACAGGGTAATGCTTGCATGCTGCTGCACTA,AGATTGTTACTCCGACGGAC,AAACACGTGGCAAACATTCC
pT7-UTR1-plamGFP-tT7hyb6,plamGFP-Chimeric,Measurement: PlamGFP green fluorescent protein with chimeric promoter for expression in PURE and TXTL.,SP-CDS,TGATCTACCACGCGGGCCAATAGGGATAACAGGGTAATGAAAGGCATGGGTATAATGA,AGATTTCCGACGAGATTCCC,AAACACGTGGCAAACATTCC
pT7-lacO-UTR1-plamGFP-t7hyb6,pT7-lacO,Measurement: PlamGFP green fluorescent protein with repressed by the lac repressor lacI.,P,AGTTTTAAATTGATCGCTCATAGGGATAACAGGGTAATTTCCACTGTTCGACACGCGA,ATAGATCATGTCGGCAGTCG,AAACACGTGGCAAACATTCC
pT7-tetO-UTR1-plamGFP-t7hyb6,pT7-tetO,Measurement: PlamGFP green fluorescent protein with repressed by the tet repressor tetR.,P,GGGCGGCATTATTAGCGAATTAGGGATAACAGGGTAATAACTATCCATTTTGCTTACA,ATACGTGGCTAGCATGAGAC,AAACACGTGGCAAACATTCC
pT7-lacO-UTR1-cjBlue-His6-tT7hyb6,cjBlue-lacO-His6,Measurement: Purification control consisting of cjBlue with lac-repression and a c-terminal 6xHis tag. Affinity purification of this protein should result in visible column capture and a visible eluent.,SP-CDS,CAAGTGAGGTACGCAAACGTTAGGGATAACAGGGTAATAACCTTATGCACTAATTTTG,AGTAAAGCATAGTGCCCAGC,AAACACGTGGCAAACATTCC
pT7-lacO-UTR1-eforRed-His6-tT7hyb6,eforRed-lacO-His6,Measurement: Purification control consisting of eforRed with lac-repression and a c-terminal 6xHis tag. Affinity purification of this protein should result in visible column capture and a visible eluent.,SP-CDS,TGCCCGGGCTGCCGCTCGCGTAGGGATAACAGGGTAATCGCGTGGACCGGGCACCGGA,AGTATCTCAGCAAGGGCAAC,AAACACGTGGCAAACATTCC
pT7-UTR1-tetR-t7hyb6,tetR,Measurement: TetR repressor under control of the T7 promoter,SP-CDS,GTCTTACATTATGAACTTGTTAGGGATAACAGGGTAATTCCCGGACCATTTTTATTAT,AGTTGTAATATCACCCGCGC,AAACACGTGGCAAACATTCC
MCL0-RBS,RBS,MoClo: Elowitz reference E. coli ribosome binding site from Elowitz (1999).,U,GCGGCTTCAGGGTGCCTCGCTAGGGATAACAGGGTAATCGTACACAAGCTCGATAGGT,ATCCAGGAGGTCTAGGAACC,AAACACGTGGCAAACATTCC
pOpenv3-MCL1-J23102-cjBlue-t7hyb10,pOpenv3-MCL0,MoClo: pOpenv3 MoClo destination vector for assembly of level 0 modules into a functional transcription unit.,L0,ACTACAAGATATCAATAATTTAGGGATAACAGGGTAATTGGATAGGGCCACATGCAGA,ATTAGGATTGCGAGCGACAC,AAACACGTGGCAAACATTCC
MCL0-tT7,tT7,MoClo: T7 terminator.,T,TGCGGGGCCTAGGTACGTTTTAGGGATAACAGGGTAATGGTATCTCCCACCCGATCTA,ATCCTAGAAAAGGCGAAGGC,AAACACGTGGCAAACATTCC
MCL0-tT7hyb10,tT7hyb10,MoClo: T7hyb10 synthetic hybrid T7 terminator from Calvopina-Chavez (2022).,T,GTTCTAGGGTAGGGATCCCTTAGGGATAACAGGGTAATTACGATCGGGAGTGTCATTC,ATGCTAGCTGGAACTATCGG,AAACACGTGGCAAACATTCC
MCL0-tT7hyb6,tT7hyb6,MoClo: T7hyb6 synthetic hybrid T7 terminator from Calvopina-Chavez (2022).,T,ATCGGTGGGGAGGTAATACCTAGGGATAACAGGGTAATGAAATCGGTCAGGTGACGGC,ATGCCATGACGACAACTAGC,AAACACGTGGCAAACATTCC
MCL0-UTR1,UTR1,MoClo: UTR1 strong E. coli 5' untranslated region with ribosome binding site.,U,TAGGGACCACCCGCAACGATTAGGGATAACAGGGTAATAGCCGGTTCCACAGTTTAAA,ATCAGACAACACAGAGGCTG,AAACACGTGGCAAACATTCC
pT7-lacO-UTR1-AK-Ec-tT7hyb6,AK-Ec,PURE: Adenylate Kinase (E. coli),SP-CDS,TAGGTGTCTACGTTCGAAGCTAGGGATAACAGGGTAATGCAACAATTCTGACATAACT,AACGATGATGCTCACTCTCG,AAACACGTGGCAAACATTCC
pT7-lacO-UTR1-AK-Gg-tT7hyb6,AK-Gg,PURE: Adenylate Kinase (Gallus gallus),SP-CDS,TCCGTACCTGCGTTAGGAAATAGGGATAACAGGGTAATCTCAAGACGCGACCCTCGTA,ACGTTCAGTTTTCCAATGGC,AAACACGTGGCAAACATTCC
pT7-lacO-UTR1-AK-Oc-tT7hyb6,AK-Oc,PURE: Adenylate Kinase (O. cuniculus),SP-CDS,CGCTGATCACCAGAGGTCTTTAGGGATAACAGGGTAATCCTAGATAAACTGGAGTAGG,ACGAGATGATGCACCGATAG,AAACACGTGGCAAACATTCC
pT7-lacO-UTR1-AK-Sc-1-tT7hyb6,AK-Sc-1,PURE: Adenylate Kinase (S. cerevisiae S288C),SP-CDS,TAGGTCGTCTCGTGCGCATGTAGGGATAACAGGGTAATTACATCCCTAGGTTACGCGA,AAGGTATGTATAGCGACCGC,AAACACGTGGCAAACATTCC
pT7-lacO-UTR1-AK-Sc-2-tT7hyb6,AK-Sc-2,PURE: Adenylate Kinase (S. cerevisiae YJM789),SP-CDS,CTAGCGACATCTACTGCACCTAGGGATAACAGGGTAATTGTATACGGAAACTTCTCCC,AAGGACTGCATACCAGGTTG,AAACACGTGGCAAACATTCC
pT7-lacO-UTR1-AlaRS-tT7hyb6,AlaRS,PURE: Alanine tRNA synthetase,SP-CDS,TATAAGTATTACTTGACAGTTAGGGATAACAGGGTAATAATGCGATAATCCCGTTGGA,AGACACAAGGCTGATTCCAG,AAACACGTGGCAAACATTCC
pT7-lacO-UTR1-ArgRS-tT7hyb6,ArgRS,PURE: Arginine tRNA synthetase,SP-CDS,GGGTCTGCTCCTCTGAGCCGTAGGGATAACAGGGTAATGCCATTATACTTCGCATAGC,AGACAAGCCTTAACCGTAGG,AAACACGTGGCAAACATTCC
pT7-lacO-UTR1-AsnRS-tT7hyb6,AsnRS,PURE: Asparagine tRNA synthetase,SP-CDS,GCAGGGAGTATCGAGGGTTTTAGGGATAACAGGGTAATAAACCATCTTTCTTACGGAG,ACAACGAGCAGACCGAATAG,AAACACGTGGCAAACATTCC
pT7-lacO-UTR1-AspRS-tT7hyb6,AspRS,PURE: Aspartic acid tRNA synthetase,SP-CDS,CCCCAGGCAGCGTCGCGCTTTAGGGATAACAGGGTAATCCCGTTCTGCTGGTTATCGT,AAGAATTACTGACCCCTCGG,AAACACGTGGCAAACATTCC
pT7-lacO-UTR1-CK-Gg-tT7hyb6,CK-Gg,PURE: Creatine Kinase (G. gallus),SP-CDS,ACAAAACTGAAAGCATAAGCTAGGGATAACAGGGTAATGACCAACATATTGTCACGGT,ACGATGGGGACATAGAACAC,AAACACGTGGCAAACATTCC
pT7-lacO-UTR1-CK-Oc-tT7hyb6,CK-Oc,PURE: Creatine Kinase (O. cuniculus),SP-CDS,AGAACGCTGCTGCTTCCCTTTAGGGATAACAGGGTAATTATGATTTAACAGGGGGATC,ACTGGACCCAATAAAAGGCC,AAACACGTGGCAAACATTCC
pT7-lacO-UTR1-CysRS-tT7hyb6,CysRS,PURE: Cysteine tRNA synthetase,SP-CDS,AAATTGCTTCTAAGATCTGTTAGGGATAACAGGGTAATGTGCCGCGAACACTAGGGCC,AATCAGTTTCTTTGGCAGCC,AAACACGTGGCAAACATTCC
pT7-lacO-UTR1-EF-G-tT7hyb6,EF-G,PURE: Elongation factor G,SP-CDS,AAGCGTGTTGTCGCCTTGGCTAGGGATAACAGGGTAATTTGAACCCAAGAGGTTTCGA,ACATAAGCGATCCCAAGGTC,AAACACGTGGCAAACATTCC
pT7-lacO-UTR1-EF-Ts-tT7hyb6,EF-Ts,PURE: Elongation factor Ts,SP-CDS,CTTTGCTGTAACGCAAACCGTAGGGATAACAGGGTAATGACTATTGTGAAGCTCACTT,ACTTCGATTGGCAAGGACTG,AAACACGTGGCAAACATTCC
pT7-lacO-UTR1-EF-Tu-tT7hyb6,EF-Tu,PURE: Elongation factor Tu,SP-CDS,AGTTTAGGCTATATTTAGATTAGGGATAACAGGGTAATGCCTTTCCTCGATGACCATC,ACCCGTATCGCATAAGGATG,AAACACGTGGCAAACATTCC
pT7-lacO-UTR1-GluRS-tT7hyb6,GluRS,PURE: Glutamic acid tRNA synthetase,SP-CDS,TACCATACTAATAATTAGGGTAGGGATAACAGGGTAATTCCTGTTGTTTGGCGGGCTC,ACGTATGGGGAACACTACAC,AAACACGTGGCAAACATTCC
pT7-lacO-UTR1-GlnRS-tT7hyb6,GlnRS,PURE: Glutamine tRNA synthetase,SP-CDS,CGTTGGATGGTGTATAGACGTAGGGATAACAGGGTAATATTCCAGATCAATCCGGAAA,AAACCGGAGCCATACAGTAC,AAACACGTGGCAAACATTCC
pT7-lacO-UTR1-glyQS-tT7hyb6,glyQS,PURE: Glycine tRNA synthetase --- glyQ + glyS,SP-CDS,AGTTGGTTAGACCGATTACATAGGGATAACAGGGTAATCGCCTACCCCCAGGTGTGGC,AGACATGGGATTGACCACAC,AAACACGTGGCAAACATTCC
pT7-lacO-UTR1-glyQS-tT7hyb6,glyQS-DualHis,PURE: Glycine tRNA synthetase --- glyQ + glyS (dual 6xHis),SP-CDS,TTCACCAATAGTCCTATCTTTAGGGATAACAGGGTAATAATTATCCATTATATTCCGA,AGAGTTGCACCTAGAATCCG,AAACACGTGGCAAACATTCC
pT7-lacO-UTR1-glySQ-tT7hyb6,glySQ,PURE: Glycine tRNA synthetase --- glyS + glyQ,SP-CDS,AATCAGTAGCCCAGGGCCGGTAGGGATAACAGGGTAATAGTGATTTTACTAAACCACA,AGAGAGGCATGATTGACCTC,AAACACGTGGCAAACATTCC
pT7-lacO-UTR1-GlyQ-tT7hyb6,GlyQ,PURE: Glycine tRNA synthetase Q protein,SP-CDS,GTTCTACATGCGGTCGACCTTAGGGATAACAGGGTAATTAGAAAATAACAAGCTCACA,AGAACATAGCATTCACGGGG,AAACACGTGGCAAACATTCC
pT7-lacO-UTR1-GlyS-tT7hyb6,GlyS,PURE: Glycine tRNA synthetase S protein,SP-CDS,GGCATGCAGTATTGGGCAACTAGGGATAACAGGGTAATGAATTGTGAATTACTATTTA,ACGGAGCCCTTATTGTAACC,AAACACGTGGCAAACATTCC
pT7-lacO-UTR1-HisRS-tT7hyb6,HisRS,PURE: Histidine tRNA synthetase,SP-CDS,CAGCAGGTCCGACGAGGACCTAGGGATAACAGGGTAATGGTCAATAGTTGACGCAACT,AATGCAAAGCTATTAGCGCG,AAACACGTGGCAAACATTCC
pT7-lacO-UTR1-IF1-tT7hyb6,IF1,PURE: Initiation factor 1,SP-CDS,TAAAAATAAGACGCTGCACATAGGGATAACAGGGTAATTGGGCCGGGGGCGGCCCGCG,AAGACGATCCGAGCCATTAC,AAACACGTGGCAAACATTCC
pT7-lacO-UTR1-IF2-tT7hyb6,IF2,PURE: Initiation factor 2,SP-CDS,GGCTGCAACCCTGGCGTCTCTAGGGATAACAGGGTAATAGCCCACGTAAGAAAACAAT,AAGGCCCAGAAGGATACAAC,AAACACGTGGCAAACATTCC
pT7-lacO-UTR1-IF3-tT7hyb6,IF3,PURE: Initiation factor 3,SP-CDS,GTCCGAATTTTTTTTCTCTATAGGGATAACAGGGTAATGGCTGGATACGGATAAATCT,AATAGGAACCTCTTACGCGG,AAACACGTGGCAAACATTCC
pT7-lacO-UTR1-IleRS-tT7hyb6,IleRS,PURE: Isoleucine tRNA synthetase,SP-CDS,CTAAGCATTATTACTGAATATAGGGATAACAGGGTAATTCCGGGGGCCGGGCCGTCTG,AATATCACGCAAAAGCACCG,AAACACGTGGCAAACATTCC
pT7-lacO-UTR1-LeuRS-tT7hyb6,LeuRS,PURE: Leucine tRNA synthetase,SP-CDS,GGGCACCATCGCCGGGGGAGTAGGGATAACAGGGTAATCTCAATAGGGGTCGCCCGCA,AAAGCACTCTTAGGCCTCTG,AAACACGTGGCAAACATTCC
pT7-lacO-UTR1-LysRS-tT7hyb6,LysRS,PURE: Lysine tRNA synthetase,SP-CDS,ATATCCACACTTAAATCCAATAGGGATAACAGGGTAATTTATAATTGCAATGGCCTCG,AAGGATATGTAGACACCGCC,AAACACGTGGCAAACATTCC
pT7-lacO-UTR1-MetRS-tT7hyb6,MetRS,PURE: Methionine tRNA synthetase,SP-CDS,CCCTGTTAGAACCTCACGACTAGGGATAACAGGGTAATGTCCTAGCTGCTTTTATGTG,ACAGGAAGCAAGGTATACGC,AAACACGTGGCAAACATTCC
pT7-lacO-UTR1-MTF-tT7hyb6,MTF,PURE: Methionyl tRNA transformylase,SP-CDS,AGTGCAAGCTATATAGAGTATAGGGATAACAGGGTAATTGGGGATCCTCCAGAATACC,AAGGCGCTCGGATAATACTC,AAACACGTGGCAAACATTCC
pT7-lacO-UTR1-NDK-tT7hyb6,NDK,PURE: Nuceloside-diphosphate Kinase,SP-CDS,CCAGGTACAAGTCGCAGACTTAGGGATAACAGGGTAATGCAACGGCCTCCCGGATTCA,ACTAGATTAGCAAGGCACCC,AAACACGTGGCAAACATTCC
pT7-lacO-UTR1-pheST-tT7hyb6,pheST,PURE: Phenylalanine tRNA synthetase --- pheS + pheT,SP-CDS,CAATCATACTTAATTTCCGTTAGGGATAACAGGGTAATGTCCGCGGACGGGTAAAATC,AGATAGATGCTCCGTCAAGC,AAACACGTGGCAAACATTCC
pT7-lacO-UTR1-pheST-tT7hyb6,pheST-DualHis,PURE: Phenylalanine tRNA synthetase --- pheS + pheT (dual 6xHis),SP-CDS,AAAGATGGCCAATGATTGTATAGGGATAACAGGGTAATGGGAGCGCACCCCCTGAACC,AGATTAGCCGACTTTCCTGG,AAACACGTGGCAAACATTCC
pT7-lacO-UTR1-pheTS-tT7hyb6,pheTS,PURE: Phenylalanine tRNA synthetase --- pheT + pheS,SP-CDS,AGGTCTCTATGGGCCTGCGCTAGGGATAACAGGGTAATTGGAACAACATTTAGTTCAA,AGATAGTCACGCACAAGACC,AAACACGTGGCAAACATTCC
pT7-lacO-UTR1-PheS-tT7hyb6,PheS,PURE: Phenylalanine tRNA synthetase S protein,SP-CDS,AAAATGCGTTCACGCCAGGGTAGGGATAACAGGGTAATTATTACCTAGTGGACAAACA,ACAGGGTATATTGAGTGCCC,AAACACGTGGCAAACATTCC
pT7-lacO-UTR1-PheT-tT7hyb6,PheT,PURE: Phenylalanine tRNA synthetase T protein,SP-CDS,CGAACACTTAGAAGAGCCCGTAGGGATAACAGGGTAATTAGCAACAAGGTCAATCACA,ACGTGAAACTGTATCGAGCC,AAACACGTGGCAAACATTCC
pT7-lacO-UTR1-ProRS-tT7hyb6,ProRS,PURE: Proline tRNA synthetase,SP-CDS,GATAGTTCGTTCGTTGTAGCTAGGGATAACAGGGTAATCTTGGAGCAGTGCGGTCAGA,ACAAGGAGTCGGCATATCAC,AAACACGTGGCAAACATTCC
pT7-lacO-UTR1-PPiase-tT7hyb6,PPiase,PURE: Pyrophosphotase,SP-CDS,AGGCAATTGTCTGTTGAAGATAGGGATAACAGGGTAATGTCTGCTACCCAATCGAAAC,AAGGAACTATGGCATCGAGC,AAACACGTGGCAAACATTCC
pT7-lacO-UTR1-RF1-tT7hyb6,RF1,PURE: Release factor 1,SP-CDS,CATTGTTTAAACGGTAGATTTAGGGATAACAGGGTAATGGCGGAGACGACGGCCTCGA,AATGCGTCATTTTACACGGC,AAACACGTGGCAAACATTCC
pT7-lacO-UTR1-RF2-tT7hyb6,RF2,PURE: Release factor 2,SP-CDS,CCGCACTGGAACCTGCTCTATAGGGATAACAGGGTAATCCGCACAAAGTGTTGGTGGA,ACATCGCATACCAGAACAGG,AAACACGTGGCAAACATTCC
pT7-lacO-UTR1-RF3-tT7hyb6,RF3,PURE: Release factor 3,SP-CDS,CACGAGCATCTATAGAAATCTAGGGATAACAGGGTAATCTATAGAATTGCACAACTCC,ACAGAACGAACAGGCACTAC,AAACACGTGGCAAACATTCC
pT7-lacO-UTR1-RRF-tT7hyb6,RRF,PURE: Ribosome recycling factor,SP-CDS,GGGATTTATGCCATCGATGCTAGGGATAACAGGGTAATATGTCCGTCCAGGGTCAGTA,AGACAACAATCTGAGGCTGG,AAACACGTGGCAAACATTCC
pT7-lacO-UTR1-SerRS-tT7hyb6,SerRS,PURE: Serine tRNA synthetase,SP-CDS,TAGAAAAAATCAGGTTCTCGTAGGGATAACAGGGTAATTGGAGCGGGCTACCGCCGCC,AAAGGGGCCGTCAATATCAG,AAACACGTGGCAAACATTCC
pT7-lacO-UTR1-T7RNAP-tT7hyb6,T7RNAP,PURE: T7 RNA Polymerase,SP-CDS,GAGATGTTAGAATAGCAAACTAGGGATAACAGGGTAATCGAGTCTCGCTATTGCAGGA,ACATTAAATTTCGCCGTGGC,AAACACGTGGCAAACATTCC
pT7-lacO-UTR1-ThrRS-tT7hyb6,ThrRS,PURE: Threonine tRNA synthetase,SP-CDS,ATCGAAAGAGACAACTTTTGTAGGGATAACAGGGTAATTAGCAACCAGAGTTCTTCCT,ACCACAGGTCAAGATTCACG,AAACACGTGGCAAACATTCC
pT7-lacO-UTR1-TrpRS-tT7hyb6,TrpRS,PURE: Tryptophan tRNA synthetase,SP-CDS,CGGGCTGGATCGTCCGAGCCTAGGGATAACAGGGTAATAGAGGGTAGGCAGGACACTG,AAATAAGACGACGACCCTCG,AAACACGTGGCAAACATTCC
pT7-lacO-UTR1-TyrRS-tT7hyb6,TyrRS,PURE: Tyrosine tRNA synthetase,SP-CDS,CCGCCATTAAGTGATCGCCCTAGGGATAACAGGGTAATACAGATTCCAACTAGTGAAG,AAACACGTGGCAAACATTCC,AAACACGTGGCAAACATTCC
pT7-lacO-UTR1-ValRS-tT7hyb6,ValRS,PURE: Valine tRNA synthetase,SP-CDS,TTGGCTAGAGACTCCTCGCATAGGGATAACAGGGTAATTTTTATAGTGTCATTGATTG,AATGTCCTTAGGCAGTCGTC,AAACACGTGGCAAACATTCC
PURET7-1,PURET7-1,PURET7 level-matched promoter. 0.349685 expression relative to PURET7-10.,P,CGTATGTGCGAGTAGAGTACTAGGGATAACAGGGTAATTGTAGGGAGAACGGCGTCAT,AGTGAACTGACCGAATCCTC,AAACACGTGGCAAACATTCC
PURET7-2,PURET7-2,PURET7 level-matched promoter. 0.417373 expression relative to PURET7-10.,P,GCCATTGGATATTGGTCTTATAGGGATAACAGGGTAATTTTTGCCTTCTGCTTCGGGC,AGTCCGACACAATGTGACAC,AAACACGTGGCAAACATTCC
PURET7-3,PURET7-3,PURET7 level-matched promoter. 0.710429 expression relative to PURET7-10.,P,CATCAAGTGCGTCAAGTGAGTAGGGATAACAGGGTAATAATTTATCTTAAAATCCCTT,AGTCCCAAGTTCAGACGTAC,AAACACGTGGCAAACATTCC
PURET7-4,PURET7-4,PURET7 level-matched promoter. 0.766275 expression relative to PURET7-10.,P,CTCTTCATCACAGGTTCCACTAGGGATAACAGGGTAATATGTGCGCTGTTAACTAATA,AGTGTTTTCCATTTTCCGCG,AAACACGTGGCAAACATTCC
PURET7-5,PURET7-5,PURET7 level-matched promoter. 1 expression relative to PURET7-10.,P,TGCTGAATAGGCGTGAGGCATAGGGATAACAGGGTAATTGTGAAACCGGAAATGTGCC,AGTGGTCTGTAAACCGTACC,AAACACGTGGCAAACATTCC
PURET7-8,PURET7-8,PURET7 level-matched promoter. 30.6834 expression relative to PURET7-10.,P,ATATCTCTCATGATTACTGTTAGGGATAACAGGGTAATTCACGACAAATACGGCTCAA,AGTATTCTTACAGCCAGCCG,AAACACGTGGCAAACATTCC
PURET7-6,PURET7-6,PURET7 level-matched promoter. 4.96926 expression relative to PURET7-10.,P,TCCACCAGGGTTACCATCATTAGGGATAACAGGGTAATGAACGGCTACCCGCAATTTA,AGTTATAAGGGTCCGATGCC,AAACACGTGGCAAACATTCC
PURET7-9,PURET7-9,PURET7 level-matched promoter. 59.3814 expression relative to PURET7-10.,P,CTTCGGAGATATAGACATTCTAGGGATAACAGGGTAATTCAACGTATAATCTGACTAA,AGTATTGCCGGACTAAACCC,AAACACGTGGCAAACATTCC
PURET7-10,PURET7-10,PURET7 level-matched promoter. 70.9156 expression relative to PURET7-10.,P,TAAAATTGTGCCGAGGTTCGTAGGGATAACAGGGTAATGCGTAAGAGCCCAGGTGTGT,AGTATTAGGCGTCAAGGTCC,AAACACGTGGCAAACATTCC
PURET7-7,PURET7-7,PURET7 level-matched promoter. 8.14369 expression relative to PURET7-10.,P,CTGACGGACCGGGCCCAGGATAGGGATAACAGGGTAATCCTCGATCGCAAGGGGCACA,AGTTGCAGTATCTAACCCGC,AAACACGTGGCAAACATTCC
