,Name,Artifact,Description,Insert Length (bp),Construct Length (bp),Barcode
8,AK-Ec,pT7-lacO-UTR1-AK-Ec-tT7hyb6,PURE: Adenylate Kinase (E. coli),958,2958,GGCCCCAAATGGGGTCGTCCTAGGGATAACAGGGTAATTTACTACCTATTCTGTACAC
16,AK-Gg,pT7-lacO-UTR1-AK-Gg-tT7hyb6,PURE: Adenylate Kinase (Gallus gallus),895,2895,GGCTATTCGCTATTGCGTTCTAGGGATAACAGGGTAATGTTGTATTCGTAATCGAAAT
26,AK-Oc,pT7-lacO-UTR1-AK-Oc-tT7hyb6,PURE: Adenylate Kinase (O. cuniculus),898,2898,CTTCCGTACTGCCTCGTAACTAGGGATAACAGGGTAATTCATAATGCCCATCGTAAGT
29,AK-Sc-1,pT7-lacO-UTR1-AK-Sc-1-tT7hyb6,PURE: Adenylate Kinase (S. cerevisiae S288C),979,2979,GTATCCATTTGACAGCCCCTTAGGGATAACAGGGTAATACCTCGAAAGGTGCCACAGA
19,AK-Sc-2,pT7-lacO-UTR1-AK-Sc-2-tT7hyb6,PURE: Adenylate Kinase (S. cerevisiae YJM789),982,2982,AGGGCGCTAGATACCTTTGGTAGGGATAACAGGGTAATAAACTCCACGGTGACGCCCC
23,AlaRS,pT7-lacO-UTR1-AlaRS-tT7hyb6,PURE: Alanine tRNA synthetase,2944,4944,GCGTAGGTCGGACCAGACGATAGGGATAACAGGGTAATCATAGATCGCTTCGTAGATA
21,ArgRS,pT7-lacO-UTR1-ArgRS-tT7hyb6,PURE: Arginine tRNA synthetase,2047,4047,CTCCCTTGGGCATAACATTTTAGGGATAACAGGGTAATCTCGTGACGCTGAACCCGGC
42,AsnRS,pT7-lacO-UTR1-AsnRS-tT7hyb6,PURE: Asparagine tRNA synthetase,1714,3714,GGGGGTGGCCCTTGCCGTGGTAGGGATAACAGGGTAATTGGGTGAAGACAATATACGT
10,AspRS,pT7-lacO-UTR1-AspRS-tT7hyb6,PURE: Aspartic acid tRNA synthetase,2083,4083,TTCTCGGCCATTCCTGCAAGTAGGGATAACAGGGTAATCGAAGTTTCAATGTGGGTTG
28,CK-Gg,pT7-lacO-UTR1-CK-Gg-tT7hyb6,PURE: Creatine Kinase (G. gallus),1459,3459,GGCCCAGGGGGGCATGAGTTTAGGGATAACAGGGTAATGGGGACACTGGACGCAGTGT
17,CK-Oc,pT7-lacO-UTR1-CK-Oc-tT7hyb6,PURE: Creatine Kinase (O. cuniculus),1459,3459,TGAGGGTTAGGCGGCCCCGTTAGGGATAACAGGGTAATGATAACTCACAGCATTAAGT
1,CysRS,pT7-lacO-UTR1-CysRS-tT7hyb6,PURE: Cysteine tRNA synthetase,1696,3696,ACGTGGACATTCTAGGGTCATAGGGATAACAGGGTAATTTTAACGTCTAAGGAATAGT
37,EF-G,pT7-lacO-UTR1-EF-G-tT7hyb6,PURE: Elongation factor G,2425,4425,CCACCAGAGCTTCCGGGAGCTAGGGATAACAGGGTAATGACGGGACACTAGTTAAAAT
20,EF-Ts,pT7-lacO-UTR1-EF-Ts-tT7hyb6,PURE: Elongation factor Ts,1162,3162,AATATCAATAGCAAATTTGTTAGGGATAACAGGGTAATCACTATTGAAAGTACCTTAG
39,EF-Tu,pT7-lacO-UTR1-EF-Tu-tT7hyb6,PURE: Elongation factor Tu,1495,3495,GGGCACAAGCCTTAAAGCAGTAGGGATAACAGGGTAATCTTCCACAGGAGGGCTTTGC
13,GlnRS,pT7-lacO-UTR1-GlnRS-tT7hyb6,PURE: Glutamine tRNA synthetase,1975,3975,TCCACTGCATCAAACTCAAATAGGGATAACAGGGTAATCTCCAATAAGTCGAAAGCTA
31,GluRS,pT7-lacO-UTR1-GluRS-tT7hyb6,PURE: Glutamic acid tRNA synthetase,1726,3726,GCATTTGTTAAATTCTATCTTAGGGATAACAGGGTAATTTGCCGCTGCCCACGAGGTC
22,GlyQ,pT7-lacO-UTR1-GlyQ-tT7hyb6,PURE: Glycine tRNA synthetase Q protein,1222,3222,AGTGCAGAGTGGAATAATGATAGGGATAACAGGGTAATCTTTGTAACCCTACTCTTAT
25,GlyS,pT7-lacO-UTR1-GlyS-tT7hyb6,PURE: Glycine tRNA synthetase S protein,2380,4380,CCTGTCGGATCCTGTAATAATAGGGATAACAGGGTAATCGGCTGCTCCCGATACCGAG
40,HisRS,pT7-lacO-UTR1-HisRS-tT7hyb6,PURE: Histidine tRNA synthetase,1585,3585,ACTGTCCTTATGTCCGGCAATAGGGATAACAGGGTAATCGGTATTCACGGCTTTGGTT
24,IF1,pT7-lacO-UTR1-IF1-tT7hyb6,PURE: Initiation factor 1,532,2532,TACGCAGGTTCACTTTGCGCTAGGGATAACAGGGTAATACAAAGTAAGCGGGATGTGG
32,IF2,pT7-lacO-UTR1-IF2-tT7hyb6,PURE: Initiation factor 2,2986,4986,ACTGTAGTAGTTTTTGGTTTTAGGGATAACAGGGTAATCGTACGGGGCGGTAGCCGGC
27,IF3,pT7-lacO-UTR1-IF3-tT7hyb6,PURE: Initiation factor 3,856,2856,TTCACAAACCCCGGAAGATTTAGGGATAACAGGGTAATATCAAAAGAGTCCGAGCCAC
0,IleRS,pT7-lacO-UTR1-IleRS-tT7hyb6,PURE: Isoleucine tRNA synthetase,3130,5130,AATATGGCGCCTCTTGAAAATAGGGATAACAGGGTAATTTATAGCGTAAAATCGCTTA
14,LeuRS,pT7-lacO-UTR1-LeuRS-tT7hyb6,PURE: Leucine tRNA synthetase,2893,4893,CCGCCCTTCGTAACGAAGCCTAGGGATAACAGGGTAATTTATGGGTGTATAACAAGTA
4,LysRS,pT7-lacO-UTR1-LysRS-tT7hyb6,PURE: Lysine tRNA synthetase,1828,3828,GATGAGCTATCACCAATCCTTAGGGATAACAGGGTAATTACTTACTCCCTAGTGTCTA
33,MTF,pT7-lacO-UTR1-MTF-tT7hyb6,PURE: Methionyl tRNA transformylase,1258,3258,CAGCACCCTGCACGTACAAGTAGGGATAACAGGGTAATTAAACTGCTTAGTTATATGA
35,MetRS,pT7-lacO-UTR1-MetRS-tT7hyb6,PURE: Methionine tRNA synthetase,2344,4344,GCATTAATTCACAGTAGCGGTAGGGATAACAGGGTAATCATCATACGTCGGTCCTCTA
3,NDK,pT7-lacO-UTR1-NDK-tT7hyb6,PURE: Nuceloside-diphosphate Kinase,745,2745,AGGCACGGGCATACTTTTTCTAGGGATAACAGGGTAATTCTTTGATCTTATAACCATA
9,PPiase,pT7-lacO-UTR1-PPiase-tT7hyb6,PURE: Pyrophosphotase,1174,3174,CAGGGCCAGAACCTGCATACTAGGGATAACAGGGTAATCATCCTATCTACCATTCTAA
66,PURET7-1,PURET7-1,PURET7 level-matched promoter. 0.349685 expression relative to PURET7-10.,953,2953,CGACGTCACTGATCGACTCGTAGGGATAACAGGGTAATGATCCGTGTTAACGCTTTGC
71,PURET7-10,PURET7-10,PURET7 level-matched promoter. 70.9156 expression relative to PURET7-10.,953,2953,CTAAATTAACTGTACAACGGTAGGGATAACAGGGTAATCGTTAAGCGTATAGAGGAAC
68,PURET7-2,PURET7-2,PURET7 level-matched promoter. 0.417373 expression relative to PURET7-10.,953,2953,GGCGCACACGGGTCTGTCCCTAGGGATAACAGGGTAATACATTGTCAAAAAGTTGACA
67,PURET7-3,PURET7-3,PURET7 level-matched promoter. 0.710429 expression relative to PURET7-10.,953,2953,CAATCGTCTTACTTTGCGCTTAGGGATAACAGGGTAATGACGACGCTTGCTAGTGAGT
65,PURET7-4,PURET7-4,PURET7 level-matched promoter. 0.766275 expression relative to PURET7-10.,953,2953,GCTAACATCCATGCAAGGTGTAGGGATAACAGGGTAATCCCGCTGAACTCTCTGGCGT
64,PURET7-5,PURET7-5,PURET7 level-matched promoter. 1 expression relative to PURET7-10.,953,2953,CAAAAACAACTGCACTACACTAGGGATAACAGGGTAATTTCAGCCATAATCGCCTAAT
62,PURET7-6,PURET7-6,PURET7 level-matched promoter. 4.96926 expression relative to PURET7-10.,953,2953,TAACAAAAAAAATTCGTCTTTAGGGATAACAGGGTAATATCCTTCCGTCACTCTTCAA
63,PURET7-7,PURET7-7,PURET7 level-matched promoter. 8.14369 expression relative to PURET7-10.,953,2953,GCCCACCACGAGTACTGCAGTAGGGATAACAGGGTAATACATGGGGGTGCTTTAATCG
69,PURET7-8,PURET7-8,PURET7 level-matched promoter. 30.6834 expression relative to PURET7-10.,953,2953,CATCGTTTTGCTGCATCTACTAGGGATAACAGGGTAATGGTGGCGAAACTACGGTCAA
70,PURET7-9,PURET7-9,PURET7 level-matched promoter. 59.3814 expression relative to PURET7-10.,953,2953,TCGGGTCGACCGATCGCATATAGGGATAACAGGGTAATGTGTGCACGTACCCAAGTAC
36,PheS,pT7-lacO-UTR1-PheS-tT7hyb6,PURE: Phenylalanine tRNA synthetase S protein,1297,3297,GTCTAGCGAAATCCATATACTAGGGATAACAGGGTAATTGGTAGATAGGAGACCAGGT
18,PheT,pT7-lacO-UTR1-PheT-tT7hyb6,PURE: Phenylalanine tRNA synthetase T protein,2701,4701,ATATCAAAGCTGTGCGTCACTAGGGATAACAGGGTAATACAATGACGGTGCAAATTTG
34,ProRS,pT7-lacO-UTR1-ProRS-tT7hyb6,PURE: Proline tRNA synthetase,2029,4029,GCTATGTACGGAAGGCGGGCTAGGGATAACAGGGTAATTCAGGAGGAAGGACCGGCCA
79,RBS,MCL0-RBS,MoClo: Elowitz reference E. coli ribosome binding site from Elowitz (1999).,305,2305,CGTACTCACAGGCACTTGCGTAGGGATAACAGGGTAATCGACTTGTGAGTATACAATA
6,RF1,pT7-lacO-UTR1-RF1-tT7hyb6,PURE: Release factor 1,1393,3393,CATTTCGGGAGCAATAGGCCTAGGGATAACAGGGTAATTCCAGCCACCGGATCCAAAT
11,RF2,pT7-lacO-UTR1-RF2-tT7hyb6,PURE: Release factor 2,1411,3411,GTGGCCATACGTAGATAGCGTAGGGATAACAGGGTAATCAATAGTTGAGCATTTAATA
15,RF3,pT7-lacO-UTR1-RF3-tT7hyb6,PURE: Release factor 3,1903,3903,GTTTGGCACTGCGGCCGGGCTAGGGATAACAGGGTAATAACCCCAACGCCCATTTCCG
2,RRF,pT7-lacO-UTR1-RRF-tT7hyb6,PURE: Ribosome recycling factor,868,2868,GGCTTCACGGGGATGGGGAGTAGGGATAACAGGGTAATTACATGGCTAACCCATCAAA
5,SerRS,pT7-lacO-UTR1-SerRS-tT7hyb6,PURE: Serine tRNA synthetase,1603,3603,GATTAAGCTATAATCTACTTTAGGGATAACAGGGTAATGTTAGGTTTAAATCCAGTTG
30,T7RNAP,pT7-lacO-UTR1-T7RNAP-tT7hyb6,PURE: T7 RNA Polymerase,2965,4965,ATTAGTGGGGTTGTCGGGGCTAGGGATAACAGGGTAATGCCGGAAGAGAGAAGCACAT
38,ThrRS,pT7-lacO-UTR1-ThrRS-tT7hyb6,PURE: Threonine tRNA synthetase,2242,4242,AATTAAGATTTTGCAGTAGCTAGGGATAACAGGGTAATTCCGGTCGGGGCCGTCCTGA
7,TrpRS,pT7-lacO-UTR1-TrpRS-tT7hyb6,PURE: Tryptophan tRNA synthetase,1315,3315,CTACAATCTAGAATTCATATTAGGGATAACAGGGTAATCTGGTGAATCGTTGAATATT
12,TyrRS,pT7-lacO-UTR1-TyrRS-tT7hyb6,PURE: Tyrosine tRNA synthetase,1585,3585,AGCTCCCTTTCAACTGAAGATAGGGATAACAGGGTAATGCTATTATCCTCCATCTGGT
78,UTR1,MCL0-UTR1,MoClo: UTR1 strong E. coli 5' untranslated region with ribosome binding site.,323,2323,TATCTGACTCAACTTCTCTTTAGGGATAACAGGGTAATGCGTCCTACTGTTCTGCGTG
41,ValRS,pT7-lacO-UTR1-ValRS-tT7hyb6,PURE: Valine tRNA synthetase,3166,5166,TGCCGCCTAAGACGTCAATTTAGGGATAACAGGGTAATGGTCTCTGGCGGAACCTGTA
53,amajLime,pT7-UTR1-amajLime-tT7hyb6,Measurement: AmajLime green chromoprotein under the T7 promoter.,940,2940,AATTAGGTTAGTTCACCTCGTAGGGATAACAGGGTAATCTAGGTTGCTCCCCCATCGG
56,cjBlue,pT7-UTR1-cjBlue-tT7hyb6,Measurement: CjBlue blue chromoprotein under the T7 promoter.,949,2949,CTAACATTGTGTACGATTACTAGGGATAACAGGGTAATTTCCGGGCGGCGTCCGCCTT
58,cjBlue-lacO,pT7-lacO-UTR1-cjBlue-tT7hyb6,Measurement: Leaky expression control consisting of cjBlue under control of the pT7-lacO promoter. Failure of repression by lacI will appear as chromoprotein expression.,972,2972,GTTGGCGCGGTTTCTACTTGTAGGGATAACAGGGTAATACACGCACATGACTCTAGCC
59,cjBlue-lacO-His6,pT7-lacO-UTR1-cjBlue-His6-tT7hyb6,Measurement: Purification control consisting of cjBlue with lac-repression and a c-terminal 6xHis tag. Affinity purification of this protein should result in visible column capture and a visible eluent.,1005,3005,ATTAGTAGTGAGTAATCTTTTAGGGATAACAGGGTAATCAGCTGATAGCGGCGCCTTA
57,eforRed,pT7-UTR1-eforRed-tT7hyb6,Measurement: EforRed red chromoprotein under the T7 promoter.,934,2934,TCGCGTGGGGCTTCCGCCATTAGGGATAACAGGGTAATCGCCGCCCGGGGGGGCCCTC
60,eforRed-lacO,pT7-lacO-UTR1-eforRed-tT7hyb6,Measurement: Leaky expression control consisting of eforRed under control of the pT7-lacO promoter. Failure of repression by lacI will appear as chromoprotein expression.,957,2957,TACGCGGCTGTGCCCGAACGTAGGGATAACAGGGTAATTATATAGAAATCCTATCGAG
61,eforRed-lacO-His6,pT7-lacO-UTR1-eforRed-His6-tT7hyb6,Measurement: Purification control consisting of eforRed with lac-repression and a c-terminal 6xHis tag. Affinity purification of this protein should result in visible column capture and a visible eluent.,990,2990,TTACCAGCTGCCTGTGCAGGTAGGGATAACAGGGTAATGCGACTTATTCTCGTATTAT
55,gfasPurple,pT7-UTR1-gfasPurple-tT7hyb6,Measurement: GfasPurple purple chromoprotein under the T7 promoter.,916,2916,GGAGCAGTCGCGTGCTTCTCTAGGGATAACAGGGTAATAGCCACCCAGGTGCTCTTTT
43,glyQS,pT7-lacO-UTR1-glyQS-tT7hyb6,PURE: Glycine tRNA synthetase --- glyQ + glyS,3301,5301,GACCTTCACCTAGAGACGTTTAGGGATAACAGGGTAATTCCAATGCCGTGCATGGTTT
45,glyQS-DualHis,pT7-lacO-UTR1-glyQS-tT7hyb6,PURE: Glycine tRNA synthetase --- glyQ + glyS (dual 6xHis),3343,5343,ACACAGGTCAGGTTTTCAAATAGGGATAACAGGGTAATCCCTCCGTGCCGCTTCGTCT
44,glySQ,pT7-lacO-UTR1-glySQ-tT7hyb6,PURE: Glycine tRNA synthetase --- glyS + glyQ,3301,5301,TTGTATCCTACTTATTCTTTTAGGGATAACAGGGTAATCGGCGGTCCACCGCCGTGTA
74,lacI,pT7-UTR1-lacI-t7hyb6,Measurement: LacI-M repressor under control of the T7 promoter,877,2877,CGGAGCGCAAGCTCTTGCCCTAGGGATAACAGGGTAATAAACAAAGATGAAAGTTTAG
54,meleRFP,pT7-UTR1-meleRFP-tT7hyb6,Measurement: MeleRFP red fluorescent protein under the T7 promoter.,931,2931,TCATTGGCAGAGGCAGCCCTTAGGGATAACAGGGTAATCAGGCTCGTTAGGTAGCGGA
52,mmilCFP,pT7-UTR1-mmilCFP-tT7hyb6,Measurement: MmilCFP blue fluorescent protein under the T7 promoter.,934,2934,CGCTCCTAAGTCTTTGGAGTTAGGGATAACAGGGTAATAGTCAGAGAAGTGGCCGATG
83,pOpenv3-MCL0,pOpenv3-MCL1-J23102-cjBlue-t7hyb10,MoClo: pOpenv3 MoClo destination vector for assembly of level 0 modules into a functional transcription unit.,1019,3019,AGCACGGGTACCCGCTGGACTAGGGATAACAGGGTAATGTAAGAACGACGTTAAGGGT
75,pT7-lacO,pT7-lacO-UTR1-plamGFP-t7hyb6,Measurement: PlamGFP green fluorescent protein with repressed by the lac repressor lacI.,958,2958,GGGTTTCATATTCCGCGGGGTAGGGATAACAGGGTAATGATACATTGCATGATTCACG
77,pT7-lacO-tetO,pT7-lacO-tetO-UTR1-plamGFP-t7hyb6,Measurement: PlamGFP green fluorescent protein dual-repressed by tetR and lacI.,977,2977,TGTCTAAATATAGGTTTAGCTAGGGATAACAGGGTAATGAAGACAGGTCCGAGTCCAA
73,pT7-tetO,pT7-tetO-UTR1-plamGFP-t7hyb6,Measurement: PlamGFP green fluorescent protein with repressed by the tet repressor tetR.,954,2954,CAGAGCACGGCTTGCGTTAATAGGGATAACAGGGTAATCGTTTGCGTTAATTCCTCGC
76,pT7-tetO-lacO,pT7-tetO-lacO-UTR1-plamGFP-t7hyb6,Measurement: PlamGFP green fluorescent protein dual-repressed by tetR and lacI.,977,2977,TGTACTCTAAACAAAATATTTAGGGATAACAGGGTAATGCCCAATAAACTTGAGGGAC
46,pheST,pT7-lacO-UTR1-pheST-tT7hyb6,PURE: Phenylalanine tRNA synthetase --- pheS + pheT,3699,5699,AGGCCCAGTCAAAGCGGTTGTAGGGATAACAGGGTAATTCCACGTGATAGCCGCGGTT
48,pheST-DualHis,pT7-lacO-UTR1-pheST-tT7hyb6,PURE: Phenylalanine tRNA synthetase --- pheS + pheT (dual 6xHis),3733,5733,CACAACCGGACGGCATGGTGTAGGGATAACAGGGTAATTGGAGCACGGAATGGCGCTC
47,pheTS,pT7-lacO-UTR1-pheTS-tT7hyb6,PURE: Phenylalanine tRNA synthetase --- pheT + pheS,3699,5699,TGAGAATCAGTTTCATCCCTTAGGGATAACAGGGTAATGGCGAGTTTTCCCGCACAAT
51,plamGFP-Chimeric,pT7-UTR1-plamGFP-tT7hyb6,Measurement: PlamGFP green fluorescent protein with chimeric promoter for expression in PURE and TXTL.,958,2958,TTTATCCAAATATAGATACATAGGGATAACAGGGTAATAGCAGATCTGAACGTCGATC
49,plamGFP-PURE,pT7-UTR1-plamGFP-tT7hyb6,Measurement: PlamGFP green fluorescent protein optimized for cell-free expression in PURE.,943,2943,GAGTTTGTCGGTCGGGTCCCTAGGGATAACAGGGTAATCGCGATACAGGCTGCAACCC
50,plamGFP-TXTL,pT7-UTR1-plamGFP-tT7hyb6,Measurement: PlamGFP green fluorescent protein optimized for cell-free expression in TXTL.,958,2958,CTACACCAAATTAGTGTCTTTAGGGATAACAGGGTAATTTTTCACACAGACTGAGGAG
80,tT7,MCL0-tT7,MoClo: T7 terminator.,337,2337,GTATAGAGTTGCATAACGTTTAGGGATAACAGGGTAATAGAGCGTAGGCAGCGCGTAC
82,tT7hyb10,MCL0-tT7hyb10,MoClo: T7hyb10 synthetic hybrid T7 terminator from Calvopina-Chavez (2022).,368,2368,TGGTTCGCCGTGGGGTACGATAGGGATAACAGGGTAATTGCCTCACTCCAGGGGCCCG
81,tT7hyb6,MCL0-tT7hyb6,MoClo: T7hyb6 synthetic hybrid T7 terminator from Calvopina-Chavez (2022).,329,2329,CGATTCCACACATTCTAGTTTAGGGATAACAGGGTAATTACGATGGCTATAGGAACCG
72,tetR,pT7-UTR1-tetR-t7hyb6,Measurement: TetR repressor under control of the T7 promoter,877,2877,TTGGCAGAGTCGTGGCCACCTAGGGATAACAGGGTAATTTCAACACAGCACGTACGGC
